,player_id,player,team,position,League,Round,Pick,Overall,timestamp
0,0501,"Bills, Buffalo",BUF,Def,13957,18,07,211,1617749156
1,0501,"Bills, Buffalo",BUF,Def,32210,18,05,209,1619007657
2,0501,"Bills, Buffalo",BUF,Def,51539,17,12,204,1621014987
3,0502,"Colts, Indianapolis",IND,Def,13957,17,12,204,1617748997
4,0502,"Colts, Indianapolis",IND,Def,32210,15,02,170,1619006906
5,0502,"Colts, Indianapolis",IND,Def,51539,16,12,192,1621014191
6,0502,"Colts, Indianapolis",IND,Def,11669,16,03,183,1621637803
7,0503,"Dolphins, Miami",MIA,Def,13957,17,09,201,1617748940
8,0503,"Dolphins, Miami",MIA,Def,32210,17,09,201,1619007517
9,0503,"Dolphins, Miami",MIA,Def,51539,17,08,200,1621014909
10,0504,"Patriots, New England",NEP,Def,13957,18,11,215,1617754233
11,0504,"Patriots, New England",NEP,Def,32210,17,05,197,1619007448
12,0504,"Patriots, New England",NEP,Def,51539,17,06,198,1621014826
13,0505,"Jets, New York",NYJ,Def,51539,19,11,227,1621026356
14,0506,"Bengals, Cincinnati",CIN,Def,13957,20,06,234,1617795931
15,0507,"Browns, Cleveland",CLE,Def,13957,19,09,225,1617756271
16,0507,"Browns, Cleveland",CLE,Def,32210,17,02,194,1619007399
17,0507,"Browns, Cleveland",CLE,Def,51539,18,07,211,1621016409
18,0508,"Titans, Tennessee",TEN,Def,13957,17,10,202,1617748963
19,0508,"Titans, Tennessee",TEN,Def,32210,16,07,187,1619007265
20,0508,"Titans, Tennessee",TEN,Def,51539,18,04,208,1621016329
21,0510,"Steelers, Pittsburgh",PIT,Def,13957,17,05,197,1617746750
22,0510,"Steelers, Pittsburgh",PIT,Def,32210,16,02,182,1619007162
23,0510,"Steelers, Pittsburgh",PIT,Def,51539,15,07,175,1621013366
24,0510,"Steelers, Pittsburgh",PIT,Def,11669,14,03,159,1621612911
25,0511,"Broncos, Denver",DEN,Def,13957,19,11,227,1617795805
26,0511,"Broncos, Denver",DEN,Def,32210,18,10,214,1619007750
27,0511,"Broncos, Denver",DEN,Def,51539,17,04,196,1621014403
28,0512,"Chiefs, Kansas City",KCC,Def,13957,19,03,219,1617754306
29,0512,"Chiefs, Kansas City",KCC,Def,32210,17,12,204,1619007569
30,0512,"Chiefs, Kansas City",KCC,Def,51539,18,11,215,1621026107
31,0514,"Chargers, Los Angeles",LAC,Def,13957,19,05,221,1617754334
32,0514,"Chargers, Los Angeles",LAC,Def,32210,20,05,233,1619008074
33,0514,"Chargers, Los Angeles",LAC,Def,51539,20,03,231,1621026757
34,0515,"Seahawks, Seattle",SEA,Def,13957,19,10,226,1617756285
35,0515,"Seahawks, Seattle",SEA,Def,32210,17,06,198,1619007462
36,0515,"Seahawks, Seattle",SEA,Def,51539,17,05,197,1621014418
37,0516,"Cowboys, Dallas",DAL,Def,13957,20,12,240,1617851166
38,0516,"Cowboys, Dallas",DAL,Def,32210,20,09,237,1619008147
39,0517,"Giants, New York",NYG,Def,13957,20,11,239,1617851149
40,0517,"Giants, New York",NYG,Def,32210,19,07,223,1619007918
41,0517,"Giants, New York",NYG,Def,51539,19,10,226,1621026340
42,0518,"Eagles, Philadelphia",PHI,Def,13957,19,12,228,1617795820
43,0518,"Eagles, Philadelphia",PHI,Def,32210,19,04,220,1619007856
44,0518,"Eagles, Philadelphia",PHI,Def,51539,19,09,225,1621026324
45,0519,"Cardinals, Arizona",ARI,Def,13957,20,09,237,1617851114
46,0519,"Cardinals, Arizona",ARI,Def,32210,18,12,216,1619007780
47,0519,"Cardinals, Arizona",ARI,Def,51539,19,01,217,1621026141
48,0520,"FootballTeam, Washington",WAS,Def,13957,16,12,192,1617709307
49,0520,"FootballTeam, Washington",WAS,Def,32210,16,12,192,1619007356
50,0520,"FootballTeam, Washington",WAS,Def,51539,16,09,189,1621014097
51,0520,"FootballTeam, Washington",WAS,Def,11669,16,08,188,1621637990
52,0521,"Bears, Chicago",CHI,Def,32210,19,10,226,1619007969
53,0521,"Bears, Chicago",CHI,Def,51539,19,07,223,1621026281
54,0523,"Packers, Green Bay",GBP,Def,13957,20,10,238,1617851133
55,0523,"Packers, Green Bay",GBP,Def,32210,19,12,228,1619007996
56,0523,"Packers, Green Bay",GBP,Def,51539,20,05,233,1621026792
57,0524,"Vikings, Minnesota",MIN,Def,32210,18,09,213,1619007733
58,0525,"Buccaneers, Tampa Bay",TBB,Def,13957,17,01,193,1617709333
59,0525,"Buccaneers, Tampa Bay",TBB,Def,32210,16,08,188,1619007282
60,0525,"Buccaneers, Tampa Bay",TBB,Def,51539,15,11,179,1621013442
61,0525,"Buccaneers, Tampa Bay",TBB,Def,11669,16,02,182,1621637784
62,0527,"Panthers, Carolina",CAR,Def,13957,19,08,224,1617756253
63,0527,"Panthers, Carolina",CAR,Def,32210,20,04,232,1619008060
64,0528,"Rams, Los Angeles",LAR,Def,13957,15,06,174,1617680173
65,0528,"Rams, Los Angeles",LAR,Def,32210,17,07,199,1619007481
66,0528,"Rams, Los Angeles",LAR,Def,51539,16,10,190,1621014160
67,0528,"Rams, Los Angeles",LAR,Def,11669,15,03,171,1621637031
68,0529,"Saints, New Orleans",NOS,Def,13957,19,04,220,1617754321
69,0529,"Saints, New Orleans",NOS,Def,32210,18,02,206,1619007607
70,0529,"Saints, New Orleans",NOS,Def,51539,19,02,218,1621026163
71,0530,"49ers, San Francisco",SFO,Def,13957,17,11,203,1617748984
72,0530,"49ers, San Francisco",SFO,Def,32210,17,10,202,1619007540
73,0530,"49ers, San Francisco",SFO,Def,51539,18,01,205,1621015004
74,0530,"49ers, San Francisco",SFO,Def,11669,16,09,189,1621693162
75,0531,"Ravens, Baltimore",BAL,Def,13957,17,08,200,1617748916
76,0531,"Ravens, Baltimore",BAL,Def,32210,17,03,195,1619007412
77,0531,"Ravens, Baltimore",BAL,Def,51539,16,08,188,1621014081
78,0531,"Ravens, Baltimore",BAL,Def,11669,16,04,184,1621637837
79,5848,"Brady, Tom",TBB,QB,13957,07,08,80,1617548817
80,5848,"Brady, Tom",TBB,QB,32210,06,12,72,1618968047
81,5848,"Brady, Tom",TBB,QB,51539,08,09,93,1621005955
82,5848,"Brady, Tom",TBB,QB,11669,06,09,69,1621525707
83,7401,"Roethlisberger, Ben",PIT,QB,13957,15,12,180,1617680284
84,7401,"Roethlisberger, Ben",PIT,QB,32210,11,10,130,1618970198
85,7401,"Roethlisberger, Ben",PIT,QB,51539,09,09,105,1621006299
86,7401,"Roethlisberger, Ben",PIT,QB,11669,15,10,178,1621637233
87,7836,"Rodgers, Aaron",GBP,QB,13957,06,10,70,1617548610
88,7836,"Rodgers, Aaron",GBP,QB,32210,06,11,71,1618968032
89,7836,"Rodgers, Aaron",GBP,QB,51539,08,05,89,1621005884
90,7836,"Rodgers, Aaron",GBP,QB,11669,06,02,62,1621525609
91,8062,"Fitzpatrick, Ryan",WAS,QB,13957,16,09,189,1617709220
92,8062,"Fitzpatrick, Ryan",WAS,QB,32210,14,11,167,1619006857
93,8062,"Fitzpatrick, Ryan",WAS,QB,51539,16,06,186,1621013999
94,8062,"Fitzpatrick, Ryan",WAS,QB,11669,15,07,175,1621637178
95,9075,"Jackson, DeSean",LAR,WR,13957,20,07,235,1617795965
96,9075,"Jackson, DeSean",LAR,WR,32210,20,03,231,1619008046
97,9075,"Jackson, DeSean",LAR,WR,51539,20,02,230,1621026409
98,9099,"Ryan, Matt",ATL,QB,13957,11,06,126,1617623985
99,9099,"Ryan, Matt",ATL,QB,32210,11,03,123,1618970072
100,9099,"Ryan, Matt",ATL,QB,51539,10,07,115,1621006514
101,9099,"Ryan, Matt",ATL,QB,11669,11,05,125,1621535970
102,9431,"Stafford, Matthew",LAR,QB,13957,10,01,109,1617623615
103,9431,"Stafford, Matthew",LAR,QB,32210,08,09,93,1618969227
104,9431,"Stafford, Matthew",LAR,QB,51539,08,11,95,1621005990
105,9431,"Stafford, Matthew",LAR,QB,11669,11,06,126,1621535986
106,9474,"Cook, Jared",LAC,TE,13957,16,03,183,1617680355
107,9474,"Cook, Jared",LAC,TE,32210,12,11,143,1618970667
108,9474,"Cook, Jared",LAC,TE,51539,15,04,172,1621013302
109,9662,"Edelman, Julian",FA,WR,13957,15,10,178,1617680247
110,9902,"Gronkowski, Rob",TBB,TE,13957,11,07,127,1617624007
111,9902,"Gronkowski, Rob",TBB,TE,32210,12,10,142,1618970648
112,9902,"Gronkowski, Rob",TBB,TE,51539,10,04,112,1621006450
113,9902,"Gronkowski, Rob",TBB,TE,11669,13,01,145,1621539820
114,9918,"Sanders, Emmanuel",BUF,WR,13957,13,08,152,1617679760
115,9918,"Sanders, Emmanuel",BUF,WR,32210,13,05,149,1619006478
116,9925,"Graham, Jimmy",CHI,TE,32210,18,08,212,1619007719
117,9988,"Brown, Antonio",TBB,WR,13957,12,09,141,1617679388
118,9988,"Brown, Antonio",TBB,WR,32210,14,12,168,1619006870
119,9988,"Brown, Antonio",TBB,WR,51539,15,02,170,1621013249
120,9988,"Brown, Antonio",TBB,WR,11669,12,07,139,1621536545
121,10261,"Green, A.J.",ARI,WR,13957,09,01,97,1617623373
122,10261,"Green, A.J.",ARI,WR,32210,18,11,215,1619007765
123,10261,"Green, A.J.",ARI,WR,51539,16,04,184,1621013628
124,10271,"Jones, Julio",ATL,WR,13957,02,05,17,1617323626
125,10271,"Jones, Julio",ATL,WR,32210,03,05,29,1618591641
126,10271,"Jones, Julio",ATL,WR,51539,04,05,41,1621005045
127,10271,"Jones, Julio",ATL,WR,11669,04,12,48,1621524871
128,10273,"Newton, Cam",NEP,QB,13957,15,09,177,1617680228
129,10273,"Newton, Cam",NEP,QB,32210,14,10,166,1619006842
130,10273,"Newton, Cam",NEP,QB,51539,15,08,176,1621013386
131,10273,"Newton, Cam",NEP,QB,11669,15,09,177,1621637218
132,10276,"Ingram, Mark",HOU,RB,13957,16,06,186,1617680408
133,10276,"Ingram, Mark",HOU,RB,32210,12,08,140,1618970605
134,10276,"Ingram, Mark",HOU,RB,51539,20,09,237,1621026899
135,10312,"Rudolph, Kyle",NYG,TE,13957,19,07,223,1617756118
136,10313,"Dalton, Andy",CHI,QB,13957,19,06,222,1617756093
137,10697,"Tannehill, Ryan",TEN,QB,13957,11,09,129,1617624046
138,10697,"Tannehill, Ryan",TEN,QB,32210,11,09,129,1618970182
139,10697,"Tannehill, Ryan",TEN,QB,51539,10,10,118,1621007318
140,10697,"Tannehill, Ryan",TEN,QB,11669,10,10,118,1621534972
141,10700,"Cousins, Kirk",MIN,QB,13957,12,12,144,1617679496
142,10700,"Cousins, Kirk",MIN,QB,32210,14,08,164,1619006804
143,10700,"Cousins, Kirk",MIN,QB,51539,08,12,96,1621006016
144,10700,"Cousins, Kirk",MIN,QB,11669,13,08,152,1621611165
145,10703,"Wilson, Russell",SEA,QB,13957,06,11,71,1617548633
146,10703,"Wilson, Russell",SEA,QB,32210,06,07,67,1618967924
147,10703,"Wilson, Russell",SEA,QB,51539,06,07,67,1621005509
148,10703,"Wilson, Russell",SEA,QB,11669,05,09,57,1621525391
149,10729,"Hilton, T.Y.",IND,WR,13957,08,12,96,1617623356
150,10729,"Hilton, T.Y.",IND,WR,32210,06,03,63,1618602246
151,10729,"Hilton, T.Y.",IND,WR,51539,08,07,91,1621005920
152,10729,"Hilton, T.Y.",IND,WR,11669,09,10,106,1621534529
153,10738,"Jones, Marvin",JAC,WR,13957,15,04,172,1617680144
154,10738,"Jones, Marvin",JAC,WR,32210,14,02,158,1619006690
155,10738,"Jones, Marvin",JAC,WR,51539,13,06,150,1621008399
156,10738,"Jones, Marvin",JAC,WR,11669,11,11,131,1621536093
157,10973,"Beasley, Cole",BUF,WR,13957,10,07,115,1617623769
158,10973,"Beasley, Cole",BUF,WR,32210,12,04,136,1618970494
159,10973,"Beasley, Cole",BUF,WR,51539,11,08,128,1621007769
160,10973,"Beasley, Cole",BUF,WR,11669,12,02,134,1621536353
161,11192,"Bell, Le'Veon",FA*,RB,51539,18,09,213,1621026061
162,11193,"Bernard, Giovani",TBB,RB,32210,20,08,236,1619008130
163,11222,"Allen, Keenan",LAC,WR,13957,03,12,36,1617407903
164,11222,"Allen, Keenan",LAC,WR,32210,04,05,41,1618591922
165,11222,"Allen, Keenan",LAC,WR,51539,04,07,43,1621005087
166,11222,"Allen, Keenan",LAC,WR,11669,04,02,38,1621524472
167,11228,"Woods, Robert",LAR,WR,13957,04,11,47,1617464008
168,11228,"Woods, Robert",LAR,WR,32210,05,02,50,1618601037
169,11228,"Woods, Robert",LAR,WR,51539,05,01,49,1621005213
170,11228,"Woods, Robert",LAR,WR,11669,04,11,47,1621524860
171,11232,"Hopkins, DeAndre",ARI,WR,13957,01,10,10,1617307601
172,11232,"Hopkins, DeAndre",ARI,WR,32210,02,03,15,1618591363
173,11232,"Hopkins, DeAndre",ARI,WR,51539,02,02,14,1621004528
174,11232,"Hopkins, DeAndre",ARI,WR,11669,02,03,15,1621087803
175,11244,"Kelce, Travis",KCC,TE,13957,01,12,12,1617307981
176,11244,"Kelce, Travis",KCC,TE,32210,01,12,12,1618591284
177,11244,"Kelce, Travis",KCC,TE,51539,01,12,12,1621004499
178,11244,"Kelce, Travis",KCC,TE,11669,01,09,9,1621087730
179,11247,"Ertz, Zach",PHI,TE,13957,12,03,135,1617624154
180,11247,"Ertz, Zach",PHI,TE,32210,16,03,183,1619007176
181,11247,"Ertz, Zach",PHI,TE,51539,14,07,163,1621013098
182,11390,"Murray, Latavius",NOS,RB,13957,13,11,155,1617679812
183,11390,"Murray, Latavius",NOS,RB,32210,11,06,126,1618970129
184,11390,"Murray, Latavius",NOS,RB,51539,13,09,153,1621008535
185,11390,"Murray, Latavius",NOS,RB,11669,10,09,117,1621534957
186,11644,"Carr, Derek",LVR,QB,13957,15,07,175,1617680197
187,11644,"Carr, Derek",LVR,QB,32210,14,05,161,1619006748
188,11644,"Carr, Derek",LVR,QB,51539,11,01,121,1621007374
189,11644,"Carr, Derek",LVR,QB,11669,14,09,165,1621634978
190,11647,"Thomas, Logan",WAS,TE,13957,12,11,143,1617679424
191,11647,"Thomas, Logan",WAS,TE,32210,12,02,134,1618970463
192,11647,"Thomas, Logan",WAS,TE,51539,14,05,161,1621013055
193,11647,"Thomas, Logan",WAS,TE,11669,10,02,110,1621534602
194,11670,"Watkins, Sammy",BAL,WR,13957,18,05,209,1617749094
195,11670,"Watkins, Sammy",BAL,WR,32210,20,02,230,1619008028
196,11670,"Watkins, Sammy",BAL,WR,51539,20,10,238,1621026916
197,11671,"Evans, Mike",TBB,WR,13957,03,07,31,1617387904
198,11671,"Evans, Mike",TBB,WR,32210,03,06,30,1618591663
199,11671,"Evans, Mike",TBB,WR,51539,03,06,30,1621004825
200,11671,"Evans, Mike",TBB,WR,11669,04,04,40,1621524558
201,11674,"Cooks, Brandin",HOU,WR,13957,08,08,92,1617549028
202,11674,"Cooks, Brandin",HOU,WR,32210,07,05,77,1618968153
203,11674,"Cooks, Brandin",HOU,WR,51539,08,08,92,1621005942
204,11674,"Cooks, Brandin",HOU,WR,11669,08,05,89,1621530149
205,11675,"Adams, Davante",GBP,WR,13957,01,07,7,1617303420
206,11675,"Adams, Davante",GBP,WR,32210,01,06,6,1618591210
207,11675,"Adams, Davante",GBP,WR,51539,01,08,8,1621004445
208,11675,"Adams, Davante",GBP,WR,11669,01,12,12,1621087764
209,11678,"Robinson, Allen",CHI,WR,13957,04,07,43,1617463938
210,11678,"Robinson, Allen",CHI,WR,32210,04,01,37,1618591864
211,11678,"Robinson, Allen",CHI,WR,51539,04,06,42,1621005064
212,11678,"Robinson, Allen",CHI,WR,11669,03,08,32,1621107404
213,11679,"Beckham, Odell",CLE,WR,13957,07,06,78,1617548782
214,11679,"Beckham, Odell",CLE,WR,32210,05,07,55,1618601234
215,11679,"Beckham, Odell",CLE,WR,51539,06,01,61,1621005414
216,11679,"Beckham, Odell",CLE,WR,11669,06,10,70,1621525725
217,11680,"Landry, Jarvis",CLE,WR,13957,08,03,87,1617548954
218,11680,"Landry, Jarvis",CLE,WR,32210,07,03,75,1618968114
219,11680,"Landry, Jarvis",CLE,WR,51539,07,04,76,1621005636
220,11680,"Landry, Jarvis",CLE,WR,11669,08,03,87,1621530106
221,11695,"Ebron, Eric",PIT,TE,13957,17,07,199,1617748848
222,11695,"Ebron, Eric",PIT,TE,32210,18,06,210,1619007671
223,11695,"Ebron, Eric",PIT,TE,51539,17,03,195,1621014388
224,11747,"White, James",NEP,RB,13957,12,06,138,1617627215
225,11747,"White, James",NEP,RB,32210,08,08,92,1618969140
226,11747,"White, James",NEP,RB,51539,15,06,174,1621013353
227,11747,"White, James",NEP,RB,11669,14,02,158,1621612895
228,11760,"Garoppolo, Jimmy",SFO,QB,32210,19,09,225,1619007948
229,11760,"Garoppolo, Jimmy",SFO,QB,51539,15,10,178,1621013416
230,11760,"Garoppolo, Jimmy",SFO,QB,11669,15,11,179,1621637250
231,11783,"Brown, John",LVR,WR,13957,17,06,198,1617748827
232,11783,"Brown, John",LVR,WR,51539,16,02,182,1621013593
233,11783,"Brown, John",LVR,WR,11669,16,05,185,1621637881
234,11886,"Williams, Damien",CHI,RB,32210,18,07,211,1619007701
235,11886,"Williams, Damien",CHI,RB,51539,19,05,221,1621026218
236,11938,"Thielen, Adam",MIN,WR,13957,04,05,41,1617463768
237,11938,"Thielen, Adam",MIN,WR,32210,04,10,46,1618592376
238,11938,"Thielen, Adam",MIN,WR,51539,04,12,48,1621005193
239,11938,"Thielen, Adam",MIN,WR,11669,05,11,59,1621525454
240,12140,"Winston, Jameis",NOS,QB,13957,13,02,146,1617679538
241,12140,"Winston, Jameis",NOS,QB,32210,14,06,162,1619006763
242,12140,"Winston, Jameis",NOS,QB,51539,13,08,152,1621008497
243,12140,"Winston, Jameis",NOS,QB,11669,14,07,163,1621634860
244,12150,"Gurley, Todd",FA*,RB,13957,06,06,66,1617495698
245,12150,"Gurley, Todd",FA*,RB,32210,20,01,229,1619008011
246,12150,"Gurley, Todd",FA*,RB,51539,12,05,137,1621007955
247,12151,"Gordon, Melvin",DEN,RB,13957,04,12,48,1617464020
248,12151,"Gordon, Melvin",DEN,RB,32210,05,10,58,1618601348
249,12151,"Gordon, Melvin",DEN,RB,51539,05,10,58,1621005373
250,12151,"Gordon, Melvin",DEN,RB,11669,06,07,67,1621525676
251,12152,"Coleman, Tevin",NYJ,RB,13957,13,01,145,1617679516
252,12152,"Coleman, Tevin",NYJ,RB,32210,08,11,95,1618969268
253,12152,"Coleman, Tevin",NYJ,RB,51539,12,09,141,1621008051
254,12164,"Davis, Mike",ATL,RB,13957,08,05,89,1617548983
255,12164,"Davis, Mike",ATL,RB,32210,09,02,98,1618969314
256,12164,"Davis, Mike",ATL,RB,51539,09,06,102,1621006198
257,12164,"Davis, Mike",ATL,RB,11669,06,08,68,1621525690
258,12171,"Johnson, David",HOU,RB,13957,05,11,59,1617473152
259,12171,"Johnson, David",HOU,RB,32210,09,01,97,1618969301
260,12171,"Johnson, David",HOU,RB,51539,06,10,70,1621005546
261,12171,"Johnson, David",HOU,RB,11669,06,05,65,1621525654
262,12175,"Cooper, Amari",DAL,WR,13957,04,08,44,1617463958
263,12175,"Cooper, Amari",DAL,WR,32210,04,06,42,1618591941
264,12175,"Cooper, Amari",DAL,WR,51539,04,01,37,1621004974
265,12175,"Cooper, Amari",DAL,WR,11669,04,06,42,1621524598
266,12176,"Parker, DeVante",MIA,WR,13957,08,11,95,1617623324
267,12176,"Parker, DeVante",MIA,WR,32210,12,03,135,1618970476
268,12176,"Parker, DeVante",MIA,WR,51539,13,03,147,1621008293
269,12176,"Parker, DeVante",MIA,WR,11669,12,11,143,1621539774
270,12181,"Agholor, Nelson",NEP,WR,13957,17,03,195,1617709371
271,12181,"Agholor, Nelson",NEP,WR,32210,17,04,196,1619007433
272,12181,"Agholor, Nelson",NEP,WR,51539,17,02,194,1621014300
273,12181,"Agholor, Nelson",NEP,WR,11669,14,04,160,1621612963
274,12184,"Crowder, Jamison",NYJ,WR,13957,12,07,139,1617627232
275,12184,"Crowder, Jamison",NYJ,WR,32210,11,12,132,1618970238
276,12184,"Crowder, Jamison",NYJ,WR,51539,19,08,224,1621026296
277,12186,"Diggs, Stefon",BUF,WR,13957,02,01,13,1617308002
278,12186,"Diggs, Stefon",BUF,WR,32210,02,02,14,1618591344
279,12186,"Diggs, Stefon",BUF,WR,51539,02,06,18,1621004603
280,12186,"Diggs, Stefon",BUF,WR,11669,01,08,8,1621087718
281,12187,"Lockett, Tyler",SEA,WR,13957,05,02,50,1617464057
282,12187,"Lockett, Tyler",SEA,WR,32210,04,12,48,1618600993
283,12187,"Lockett, Tyler",SEA,WR,51539,04,08,44,1621005114
284,12187,"Lockett, Tyler",SEA,WR,11669,04,09,45,1621524656
285,12197,"Perriman, Breshad",DET,WR,13957,15,05,173,1617680159
286,12263,"Waller, Darren",LVR,TE,13957,05,06,54,1617466345
287,12263,"Waller, Darren",LVR,TE,32210,04,02,38,1618591874
288,12263,"Waller, Darren",LVR,TE,51539,03,02,26,1621004740
289,12263,"Waller, Darren",LVR,TE,11669,04,05,41,1621524579
290,12386,"Brown, Malcolm",MIA,RB,13957,20,03,231,1617795887
291,12386,"Brown, Malcolm",MIA,RB,51539,18,08,212,1621026041
292,12391,"Williams, Tyrell",DET,WR,13957,16,07,187,1617680443
293,12391,"Williams, Tyrell",DET,WR,51539,12,12,144,1621008110
294,12447,"Mostert, Raheem",SFO,RB,13957,06,05,65,1617495665
295,12447,"Mostert, Raheem",SFO,RB,32210,06,01,61,1618602198
296,12447,"Mostert, Raheem",SFO,RB,51539,07,03,75,1621005621
297,12447,"Mostert, Raheem",SFO,RB,11669,07,01,73,1621525771
298,12610,"Wentz, Carson",IND,QB,13957,07,11,83,1617548885
299,12610,"Wentz, Carson",IND,QB,32210,09,12,108,1618969496
300,12610,"Wentz, Carson",IND,QB,51539,11,10,130,1621007798
301,12610,"Wentz, Carson",IND,QB,11669,11,10,130,1621536074
302,12611,"Goff, Jared",DET,QB,13957,14,08,164,1617679974
303,12611,"Goff, Jared",DET,QB,32210,15,11,179,1619007105
304,12611,"Goff, Jared",DET,QB,51539,10,12,120,1621007357
305,12611,"Goff, Jared",DET,QB,11669,15,08,176,1621637197
306,12620,"Prescott, Dak",DAL,QB,13957,06,08,68,1617496673
307,12620,"Prescott, Dak",DAL,QB,32210,06,04,64,1618603752
308,12620,"Prescott, Dak",DAL,QB,51539,05,12,60,1621005404
309,12620,"Prescott, Dak",DAL,QB,11669,05,06,54,1621525340
310,12625,"Elliott, Ezekiel",DAL,RB,13957,01,03,3,1617291353
311,12625,"Elliott, Ezekiel",DAL,RB,32210,01,04,4,1618591186
312,12625,"Elliott, Ezekiel",DAL,RB,51539,01,05,5,1621004016
313,12625,"Elliott, Ezekiel",DAL,RB,11669,01,07,7,1621087663
314,12626,"Henry, Derrick",TEN,RB,13957,01,06,6,1617299327
315,12626,"Henry, Derrick",TEN,RB,32210,01,05,5,1618591198
316,12626,"Henry, Derrick",TEN,RB,51539,01,04,4,1621004004
317,12626,"Henry, Derrick",TEN,RB,11669,01,04,4,1621087627
318,12629,"Booker, Devontae",NYG,RB,32210,20,06,234,1619008090
319,12629,"Booker, Devontae",NYG,RB,51539,16,07,187,1621014065
320,12630,"Drake, Kenyan",LVR,RB,13957,04,06,42,1617463846
321,12630,"Drake, Kenyan",LVR,RB,32210,04,08,44,1618591976
322,12630,"Drake, Kenyan",LVR,RB,51539,07,07,79,1621005692
323,12630,"Drake, Kenyan",LVR,RB,11669,09,08,104,1621534168
324,12647,"Fuller, Will",MIA,WR,13957,06,01,61,1617478813
325,12647,"Fuller, Will",MIA,WR,32210,08,02,86,1618968592
326,12647,"Fuller, Will",MIA,WR,51539,08,06,90,1621005904
327,12647,"Fuller, Will",MIA,WR,11669,07,09,81,1621525967
328,12650,"Boyd, Tyler",CIN,WR,13957,08,02,86,1617548938
329,12650,"Boyd, Tyler",CIN,WR,32210,05,05,53,1618601083
330,12650,"Boyd, Tyler",CIN,WR,51539,10,02,110,1621006414
331,12650,"Boyd, Tyler",CIN,WR,11669,08,01,85,1621530068
332,12652,"Thomas, Michael",NOS,WR,13957,02,06,18,1617323649
333,12652,"Thomas, Michael",NOS,WR,32210,02,09,21,1618591476
334,12652,"Thomas, Michael",NOS,WR,51539,02,05,17,1621004586
335,12652,"Thomas, Michael",NOS,WR,11669,03,05,29,1621105620
336,12658,"Shepard, Sterling",NYG,WR,13957,15,03,171,1617680125
337,12658,"Shepard, Sterling",NYG,WR,32210,15,09,177,1619007073
338,12658,"Shepard, Sterling",NYG,WR,51539,15,05,173,1621013339
339,12658,"Shepard, Sterling",NYG,WR,11669,14,11,167,1621635030
340,12676,"Henry, Hunter",NEP,TE,13957,14,07,163,1617679955
341,12676,"Henry, Hunter",NEP,TE,32210,14,04,160,1619006730
342,12676,"Henry, Hunter",NEP,TE,51539,14,11,167,1621013166
343,12676,"Henry, Hunter",NEP,TE,11669,10,11,119,1621534989
344,12677,"Hooper, Austin",CLE,TE,13957,16,04,184,1617680370
345,12677,"Hooper, Austin",CLE,TE,32210,15,03,171,1619006920
346,12677,"Hooper, Austin",CLE,TE,51539,13,12,156,1621012793
347,12677,"Hooper, Austin",CLE,TE,11669,12,10,142,1621539761
348,12678,"Higbee, Tyler",LAR,TE,13957,13,09,153,1617679777
349,12678,"Higbee, Tyler",LAR,TE,32210,13,12,156,1619006634
350,12678,"Higbee, Tyler",LAR,TE,51539,14,03,159,1621013015
351,12678,"Higbee, Tyler",LAR,TE,11669,13,05,149,1621610941
352,12680,"Vannett, Nick",NOS,TE,32210,19,02,218,1619007817
353,12801,"Hill, Tyreek",KCC,WR,13957,01,09,9,1617304260
354,12801,"Hill, Tyreek",KCC,WR,32210,01,09,9,1618591256
355,12801,"Hill, Tyreek",KCC,WR,51539,01,09,9,1621004455
356,12801,"Hill, Tyreek",KCC,WR,11669,01,11,11,1621087754
357,12930,"Anderson, Robby",CAR,WR,13957,09,04,100,1617623437
358,12930,"Anderson, Robby",CAR,WR,32210,09,11,107,1618969480
359,12930,"Anderson, Robby",CAR,WR,51539,08,03,87,1621005851
360,12930,"Anderson, Robby",CAR,WR,11669,08,11,95,1621530243
361,13108,"McKissic, J.D.",WAS,RB,13957,13,06,150,1617679727
362,13108,"McKissic, J.D.",WAS,RB,32210,12,06,138,1618970544
363,13108,"McKissic, J.D.",WAS,RB,51539,17,07,199,1621014885
364,13108,"McKissic, J.D.",WAS,RB,11669,12,03,135,1621536392
365,13113,"Watson, Deshaun",HOU,QB,13957,09,08,104,1617623507
366,13113,"Watson, Deshaun",HOU,QB,32210,11,07,127,1618970142
367,13113,"Watson, Deshaun",HOU,QB,51539,09,10,106,1621006312
368,13113,"Watson, Deshaun",HOU,QB,11669,11,07,127,1621536000
369,13116,"Mahomes, Patrick",KCC,QB,13957,03,09,33,1617389308
370,13116,"Mahomes, Patrick",KCC,QB,32210,02,01,13,1618591306
371,13116,"Mahomes, Patrick",KCC,QB,51539,03,03,27,1621004763
372,13116,"Mahomes, Patrick",KCC,QB,11669,03,07,31,1621105846
373,13128,"Cook, Dalvin",MIN,RB,13957,01,02,2,1617291330
374,13128,"Cook, Dalvin",MIN,RB,32210,01,01,1,1618591150
375,13128,"Cook, Dalvin",MIN,RB,51539,01,02,2,1621003319
376,13128,"Cook, Dalvin",MIN,RB,11669,01,02,2,1621087590
377,13129,"Fournette, Leonard",TBB,RB,13957,05,09,57,1617471991
378,13129,"Fournette, Leonard",TBB,RB,32210,06,05,65,1618603768
379,13129,"Fournette, Leonard",TBB,RB,51539,05,08,56,1621005348
380,13129,"Fournette, Leonard",TBB,RB,11669,06,11,71,1621525745
381,13130,"McCaffrey, Christian",CAR,RB,13957,01,01,1,1617279365
382,13130,"McCaffrey, Christian",CAR,RB,32210,01,02,2,1618591162
383,13130,"McCaffrey, Christian",CAR,RB,51539,01,01,1,1621003307
384,13130,"McCaffrey, Christian",CAR,RB,11669,01,01,1,1621087582
385,13131,"Mixon, Joe",CIN,RB,13957,03,03,27,1617378193
386,13131,"Mixon, Joe",CIN,RB,32210,02,08,20,1618591463
387,13131,"Mixon, Joe",CIN,RB,51539,02,12,24,1621004714
388,13131,"Mixon, Joe",CIN,RB,11669,02,05,17,1621088214
389,13132,"Kamara, Alvin",NOS,RB,13957,01,04,4,1617291379
390,13132,"Kamara, Alvin",NOS,RB,32210,01,03,3,1618591173
391,13132,"Kamara, Alvin",NOS,RB,51539,01,03,3,1621003994
392,13132,"Kamara, Alvin",NOS,RB,11669,01,03,3,1621087599
393,13133,"Perine, Samaje",CIN,RB,32210,20,10,238,1619008177
394,13133,"Perine, Samaje",CIN,RB,51539,20,12,240,1621026984
395,13138,"Hunt, Kareem",CLE,RB,13957,05,01,49,1617464036
396,13138,"Hunt, Kareem",CLE,RB,32210,05,11,59,1618601374
397,13138,"Hunt, Kareem",CLE,RB,51539,03,09,33,1621004867
398,13138,"Hunt, Kareem",CLE,RB,11669,03,04,28,1621105605
399,13139,"Williams, Jamaal",DET,RB,13957,12,01,133,1617624118
400,13139,"Williams, Jamaal",DET,RB,32210,11,11,131,1618970217
401,13139,"Williams, Jamaal",DET,RB,51539,11,07,127,1621007749
402,13139,"Williams, Jamaal",DET,RB,11669,11,09,129,1621536054
403,13146,"Conner, James",ARI,RB,13957,08,06,90,1617548997
404,13146,"Conner, James",ARI,RB,32210,08,06,90,1618968790
405,13146,"Conner, James",ARI,RB,51539,07,08,80,1621005718
406,13146,"Conner, James",ARI,RB,11669,09,06,102,1621534133
407,13153,"Davis, Corey",NYJ,WR,13957,09,11,107,1617623584
408,13153,"Davis, Corey",NYJ,WR,32210,11,02,122,1618969928
409,13153,"Davis, Corey",NYJ,WR,51539,11,03,123,1621007418
410,13153,"Davis, Corey",NYJ,WR,11669,09,04,100,1621530326
411,13154,"Williams, Mike",LAC,WR,13957,08,09,93,1617623205
412,13154,"Williams, Mike",LAC,WR,32210,13,08,152,1619006557
413,13154,"Williams, Mike",LAC,WR,51539,17,01,193,1621014206
414,13154,"Williams, Mike",LAC,WR,11669,10,12,120,1621535014
415,13156,"Smith-Schuster, JuJu",PIT,WR,13957,07,02,74,1617548713
416,13156,"Smith-Schuster, JuJu",PIT,WR,32210,05,01,49,1618601006
417,13156,"Smith-Schuster, JuJu",PIT,WR,51539,06,09,69,1621005536
418,13156,"Smith-Schuster, JuJu",PIT,WR,11669,06,04,64,1621525638
419,13157,"Samuel, Curtis",WAS,WR,13957,11,03,123,1617623939
420,13157,"Samuel, Curtis",WAS,WR,32210,10,05,113,1618969692
421,13157,"Samuel, Curtis",WAS,WR,51539,11,04,124,1621007433
422,13157,"Samuel, Curtis",WAS,WR,11669,08,07,91,1621530175
423,13163,"Godwin, Chris",TBB,WR,13957,04,03,39,1617410932
424,13163,"Godwin, Chris",TBB,WR,32210,03,10,34,1618591820
425,13163,"Godwin, Chris",TBB,WR,51539,04,09,45,1621005151
426,13163,"Godwin, Chris",TBB,WR,11669,04,08,44,1621524629
427,13164,"Kupp, Cooper",LAR,WR,13957,06,04,64,1617495643
428,13164,"Kupp, Cooper",LAR,WR,32210,05,08,56,1618601263
429,13164,"Kupp, Cooper",LAR,WR,51539,05,05,53,1621005300
430,13164,"Kupp, Cooper",LAR,WR,11669,06,06,66,1621525665
431,13168,"Reynolds, Josh",TEN,WR,13957,10,12,120,1617623879
432,13168,"Reynolds, Josh",TEN,WR,32210,16,11,191,1619007335
433,13168,"Reynolds, Josh",TEN,WR,51539,19,04,220,1621026194
434,13168,"Reynolds, Josh",TEN,WR,11669,13,10,154,1621611213
435,13188,"Howard, O.J.",TBB,TE,32210,16,09,189,1619007296
436,13188,"Howard, O.J.",TBB,TE,51539,20,07,235,1621026831
437,13189,"Engram, Evan",NYG,TE,13957,12,02,134,1617624140
438,13189,"Engram, Evan",NYG,TE,32210,12,12,144,1618970686
439,13189,"Engram, Evan",NYG,TE,51539,11,06,126,1621007732
440,13189,"Engram, Evan",NYG,TE,11669,11,04,124,1621535944
441,13193,"Smith, Jonnu",NEP,TE,13957,14,10,166,1617680008
442,13193,"Smith, Jonnu",NEP,TE,32210,13,09,153,1619006575
443,13193,"Smith, Jonnu",NEP,TE,51539,14,02,158,1621012825
444,13193,"Smith, Jonnu",NEP,TE,11669,14,06,162,1621634811
445,13234,"Mack, Marlon",IND,RB,13957,10,02,110,1617623632
446,13234,"Mack, Marlon",IND,RB,32210,20,12,240,1619008215
447,13234,"Mack, Marlon",IND,RB,51539,13,10,154,1621008557
448,13234,"Mack, Marlon",IND,RB,11669,15,06,174,1621637098
449,13236,"Everett, Gerald",SEA,TE,13957,18,01,205,1617749013
450,13236,"Everett, Gerald",SEA,TE,32210,19,11,227,1619007983
451,13236,"Everett, Gerald",SEA,TE,51539,14,12,168,1621013214
452,13277,"Golladay, Kenny",NYG,WR,13957,04,09,45,1617463975
453,13277,"Golladay, Kenny",NYG,WR,32210,04,04,40,1618591913
454,13277,"Golladay, Kenny",NYG,WR,51539,05,03,51,1621005252
455,13277,"Golladay, Kenny",NYG,WR,11669,05,12,60,1621525565
456,13290,"Cohen, Tarik",CHI,RB,13957,14,02,158,1617679862
457,13290,"Cohen, Tarik",CHI,RB,32210,13,01,145,1619006399
458,13290,"Cohen, Tarik",CHI,RB,51539,12,10,142,1621008073
459,13290,"Cohen, Tarik",CHI,RB,11669,10,08,116,1621534719
460,13299,"Kittle, George",SFO,TE,13957,03,04,28,1617378225
461,13299,"Kittle, George",SFO,TE,32210,03,04,28,1618591629
462,13299,"Kittle, George",SFO,TE,51539,02,10,22,1621004678
463,13299,"Kittle, George",SFO,TE,11669,02,10,22,1621105412
464,13319,"Jones, Aaron",GBP,RB,13957,02,03,15,1617314937
465,13319,"Jones, Aaron",GBP,RB,32210,01,11,11,1618591274
466,13319,"Jones, Aaron",GBP,RB,51539,02,01,13,1621004510
467,13319,"Jones, Aaron",GBP,RB,11669,02,02,14,1621087793
468,13364,"Carson, Chris",SEA,RB,13957,04,04,40,1617410950
469,13364,"Carson, Chris",SEA,RB,32210,03,12,36,1618591852
470,13364,"Carson, Chris",SEA,RB,51539,03,08,32,1621004856
471,13364,"Carson, Chris",SEA,RB,11669,03,11,35,1621107449
472,13404,"Ekeler, Austin",LAC,RB,13957,02,07,19,1617323747
473,13404,"Ekeler, Austin",LAC,RB,32210,02,04,16,1618591377
474,13404,"Ekeler, Austin",LAC,RB,51539,02,07,19,1621004614
475,13404,"Ekeler, Austin",LAC,RB,11669,02,04,16,1621087824
476,13424,"Hill, Taysom",NOS,QB,13957,16,10,190,1617709240
477,13424,"Hill, Taysom",NOS,QB,32210,16,06,186,1619007242
478,13427,"Tonyan, Robert",GBP,TE,13957,10,10,118,1617623840
479,13427,"Tonyan, Robert",GBP,TE,32210,12,05,137,1618970528
480,13427,"Tonyan, Robert",GBP,TE,51539,12,06,138,1621007977
481,13427,"Tonyan, Robert",GBP,TE,11669,08,09,93,1621530211
482,13589,"Allen, Josh",BUF,QB,13957,06,07,67,1617495719
483,13589,"Allen, Josh",BUF,QB,32210,05,03,51,1618601055
484,13589,"Allen, Josh",BUF,QB,51539,05,04,52,1621005265
485,13589,"Allen, Josh",BUF,QB,11669,05,02,50,1621524961
486,13590,"Mayfield, Baker",CLE,QB,13957,13,03,147,1617679615
487,13590,"Mayfield, Baker",CLE,QB,32210,11,05,125,1618970113
488,13590,"Mayfield, Baker",CLE,QB,51539,11,12,132,1621007833
489,13590,"Mayfield, Baker",CLE,QB,11669,12,09,141,1621539742
490,13592,"Darnold, Sam",CAR,QB,13957,15,08,176,1617680213
491,13592,"Darnold, Sam",CAR,QB,32210,15,10,178,1619007092
492,13592,"Darnold, Sam",CAR,QB,51539,12,04,136,1621007929
493,13592,"Darnold, Sam",CAR,QB,11669,14,08,164,1621634940
494,13593,"Jackson, Lamar",BAL,QB,13957,06,09,69,1617548579
495,13593,"Jackson, Lamar",BAL,QB,32210,06,06,66,1618967905
496,13593,"Jackson, Lamar",BAL,QB,51539,05,11,59,1621005393
497,13593,"Jackson, Lamar",BAL,QB,11669,05,08,56,1621525373
498,13604,"Barkley, Saquon",NYG,RB,13957,01,05,5,1617299314
499,13604,"Barkley, Saquon",NYG,RB,32210,01,07,7,1618591229
500,13604,"Barkley, Saquon",NYG,RB,51539,01,06,6,1621004325
501,13604,"Barkley, Saquon",NYG,RB,11669,01,05,5,1621087637
502,13606,"Jones, Ronald",TBB,RB,13957,05,04,52,1617466287
503,13606,"Jones, Ronald",TBB,RB,32210,08,05,89,1618968777
504,13606,"Jones, Ronald",TBB,RB,51539,06,12,72,1621005580
505,13606,"Jones, Ronald",TBB,RB,11669,07,02,74,1621525789
506,13607,"Michel, Sony",NEP,RB,13957,13,07,151,1617679744
507,13607,"Michel, Sony",NEP,RB,32210,10,01,109,1618969522
508,13607,"Michel, Sony",NEP,RB,51539,11,09,129,1621007783
509,13608,"Penny, Rashaad",SEA,RB,13957,16,01,181,1617680298
510,13608,"Penny, Rashaad",SEA,RB,11669,13,11,155,1621612842
511,13610,"Chubb, Nick",CLE,RB,13957,01,11,11,1617307967
512,13610,"Chubb, Nick",CLE,RB,32210,01,10,10,1618591265
513,13610,"Chubb, Nick",CLE,RB,51539,01,10,10,1621004471
514,13610,"Chubb, Nick",CLE,RB,11669,01,10,10,1621087744
515,13612,"Johnson, Kerryon",PHI,RB,13957,18,03,207,1617749060
516,13612,"Johnson, Kerryon",PHI,RB,32210,15,06,174,1619007018
517,13612,"Johnson, Kerryon",PHI,RB,51539,16,03,183,1621013609
518,13614,"Lindsay, Phillip",HOU,RB,13957,14,01,157,1617679845
519,13614,"Lindsay, Phillip",HOU,RB,32210,13,03,147,1619006440
520,13614,"Lindsay, Phillip",HOU,RB,51539,12,11,143,1621008095
521,13614,"Lindsay, Phillip",HOU,RB,11669,11,08,128,1621536024
522,13620,"Jackson, Justin",LAC,RB,13957,20,05,233,1617795917
523,13620,"Jackson, Justin",LAC,RB,32210,18,03,207,1619007627
524,13620,"Jackson, Justin",LAC,RB,51539,12,07,139,1621007999
525,13622,"Hines, Nyheim",IND,RB,13957,08,07,91,1617549014
526,13622,"Hines, Nyheim",IND,RB,32210,11,08,128,1618970166
527,13622,"Hines, Nyheim",IND,RB,51539,11,11,131,1621007816
528,13622,"Hines, Nyheim",IND,RB,11669,10,03,111,1621534616
529,13623,"Williams, Darrel",KCC,RB,13957,18,04,208,1617749078
530,13623,"Williams, Darrel",KCC,RB,32210,16,01,181,1619007147
531,13629,"Ridley, Calvin",ATL,WR,13957,03,11,35,1617403859
532,13629,"Ridley, Calvin",ATL,WR,32210,03,11,35,1618591841
533,13629,"Ridley, Calvin",ATL,WR,51539,03,10,34,1621004879
534,13629,"Ridley, Calvin",ATL,WR,11669,02,08,20,1621089311
535,13630,"Sutton, Courtland",DEN,WR,13957,07,03,75,1617548733
536,13630,"Sutton, Courtland",DEN,WR,32210,07,07,79,1618968185
537,13630,"Sutton, Courtland",DEN,WR,51539,06,03,63,1621005448
538,13630,"Sutton, Courtland",DEN,WR,11669,05,03,51,1621525190
539,13631,"Washington, James",PIT,WR,32210,19,01,217,1619007802
540,13631,"Washington, James",PIT,WR,51539,17,09,201,1621014929
541,13632,"Lazard, Allen",GBP,WR,13957,14,12,168,1617680044
542,13632,"Lazard, Allen",GBP,WR,32210,19,06,222,1619007895
543,13632,"Lazard, Allen",GBP,WR,51539,20,01,229,1621026394
544,13633,"Kirk, Christian",ARI,WR,13957,13,04,148,1617679657
545,13633,"Kirk, Christian",ARI,WR,32210,13,07,151,1619006529
546,13633,"Kirk, Christian",ARI,WR,51539,13,01,145,1621008125
547,13633,"Kirk, Christian",ARI,WR,11669,14,12,168,1621635558
548,13635,"Moore, D.J.",CAR,WR,13957,05,03,51,1617464070
549,13635,"Moore, D.J.",CAR,WR,32210,04,11,47,1618592387
550,13635,"Moore, D.J.",CAR,WR,51539,04,10,46,1621005164
551,13635,"Moore, D.J.",CAR,WR,11669,04,10,46,1621524669
552,13645,"Smith, Tre'Quan",NOS,WR,11669,16,06,186,1621637926
553,13646,"Gallup, Michael",DAL,WR,13957,09,06,102,1617623473
554,13646,"Gallup, Michael",DAL,WR,32210,08,10,94,1618969245
555,13646,"Gallup, Michael",DAL,WR,51539,12,01,133,1621007847
556,13646,"Gallup, Michael",DAL,WR,11669,11,02,122,1621535097
557,13668,"Chark, D.J.",JAC,WR,13957,07,12,84,1617548905
558,13668,"Chark, D.J.",JAC,WR,32210,07,02,74,1618968089
559,13668,"Chark, D.J.",JAC,WR,51539,07,06,78,1621005675
560,13668,"Chark, D.J.",JAC,WR,11669,07,06,78,1621525891
561,13671,"Andrews, Mark",BAL,TE,13957,06,03,63,1617495621
562,13671,"Andrews, Mark",BAL,TE,32210,05,06,54,1618601109
563,13671,"Andrews, Mark",BAL,TE,51539,06,02,62,1621005435
564,13671,"Andrews, Mark",BAL,TE,11669,06,12,72,1621525759
565,13672,"Gesicki, Mike",MIA,TE,13957,12,05,137,1617624204
566,13672,"Gesicki, Mike",MIA,TE,32210,12,07,139,1618970566
567,13672,"Gesicki, Mike",MIA,TE,51539,09,05,101,1621006172
568,13672,"Gesicki, Mike",MIA,TE,11669,10,06,114,1621534674
569,13674,"Goedert, Dallas",PHI,TE,13957,10,08,116,1617623797
570,13674,"Goedert, Dallas",PHI,TE,32210,11,04,124,1618970089
571,13674,"Goedert, Dallas",PHI,TE,51539,12,03,135,1621007913
572,13674,"Goedert, Dallas",PHI,TE,11669,09,12,108,1621534559
573,13679,"Herndon, Chris",NYJ,TE,51539,14,09,165,1621013135
574,13680,"Hurst, Hayden",ATL,TE,13957,11,01,121,1617623898
575,13680,"Hurst, Hayden",ATL,TE,32210,10,08,116,1618969752
576,13722,"Jarwin, Blake",DAL,TE,13957,15,01,169,1617680057
577,13722,"Jarwin, Blake",DAL,TE,32210,19,08,224,1619007934
578,13722,"Jarwin, Blake",DAL,TE,51539,15,12,180,1621013457
579,13722,"Jarwin, Blake",DAL,TE,11669,15,01,169,1621635814
580,13726,"Edmonds, Chase",ARI,RB,13957,07,07,79,1617548798
581,13726,"Edmonds, Chase",ARI,RB,32210,05,09,57,1618601338
582,13726,"Edmonds, Chase",ARI,RB,51539,06,05,65,1621005479
583,13726,"Edmonds, Chase",ARI,RB,11669,05,05,53,1621525231
584,13793,"Valdes-Scantling, Marquez",GBP,WR,13957,20,01,229,1617795850
585,13793,"Valdes-Scantling, Marquez",GBP,WR,32210,19,05,221,1619007872
586,13793,"Valdes-Scantling, Marquez",GBP,WR,51539,19,06,222,1621026239
587,13809,"Gage, Russell",ATL,WR,13957,20,02,230,1617795868
588,13809,"Gage, Russell",ATL,WR,32210,17,08,200,1619007495
589,13809,"Gage, Russell",ATL,WR,51539,16,05,185,1621013642
590,13850,"Edwards, Gus",BAL,RB,13957,10,11,119,1617623859
591,13850,"Edwards, Gus",BAL,RB,32210,10,02,110,1618969540
592,13850,"Edwards, Gus",BAL,RB,51539,10,05,113,1621006486
593,13850,"Edwards, Gus",BAL,RB,11669,10,04,112,1621534631
594,13868,"Boone, Mike",DEN,RB,32210,14,09,165,1619006818
595,13919,"Firkser, Anthony",TEN,TE,32210,20,11,239,1619008200
596,13919,"Firkser, Anthony",TEN,TE,51539,18,06,210,1621016386
597,13919,"Firkser, Anthony",TEN,TE,11669,13,09,153,1621611184
598,14017,"Wilson, Jeffery",SFO,RB,13957,13,12,156,1617679831
599,14017,"Wilson, Jeffery",SFO,RB,32210,10,09,117,1618969769
600,14017,"Wilson, Jeffery",SFO,RB,51539,19,03,219,1621026181
601,14017,"Wilson, Jeffery",SFO,RB,11669,12,06,138,1621536514
602,14056,"Murray, Kyler",ARI,QB,13957,05,07,55,1617471961
603,14056,"Murray, Kyler",ARI,QB,32210,06,02,62,1618602220
604,14056,"Murray, Kyler",ARI,QB,51539,05,07,55,1621005328
605,14056,"Murray, Kyler",ARI,QB,11669,05,01,49,1621524948
606,14057,"Lock, Drew",DEN,QB,13957,19,02,218,1617754286
607,14057,"Lock, Drew",DEN,QB,51539,18,10,214,1621026084
608,14057,"Lock, Drew",DEN,QB,11669,15,05,173,1621637074
609,14059,"Jones, Daniel",NYG,QB,13957,14,03,159,1617679881
610,14059,"Jones, Daniel",NYG,QB,32210,15,08,176,1619007060
611,14059,"Jones, Daniel",NYG,QB,51539,14,01,157,1621012807
612,14059,"Jones, Daniel",NYG,QB,11669,12,01,133,1621536341
613,14071,"Montgomery, David",CHI,RB,13957,04,01,37,1617407920
614,14071,"Montgomery, David",CHI,RB,32210,04,07,43,1618591957
615,14071,"Montgomery, David",CHI,RB,51539,04,04,40,1621005031
616,14071,"Montgomery, David",CHI,RB,11669,03,03,27,1621105589
617,14072,"Snell, Benny",PIT,RB,32210,13,02,146,1619006415
618,14073,"Jacobs, Josh",LVR,RB,13957,03,06,30,1617387854
619,14073,"Jacobs, Josh",LVR,RB,32210,02,07,19,1618591440
620,14073,"Jacobs, Josh",LVR,RB,51539,01,11,11,1621004488
621,14073,"Jacobs, Josh",LVR,RB,11669,04,07,43,1621524608
622,14075,"Harris, Damien",NEP,RB,13957,09,09,105,1617623529
623,14075,"Harris, Damien",NEP,RB,32210,09,04,100,1618969355
624,14075,"Harris, Damien",NEP,RB,51539,09,07,103,1621006214
625,14075,"Harris, Damien",NEP,RB,11669,09,07,103,1621534151
626,14079,"Sanders, Miles",PHI,RB,13957,02,09,21,1617335253
627,14079,"Sanders, Miles",PHI,RB,32210,02,06,18,1618591421
628,14079,"Sanders, Miles",PHI,RB,51539,03,04,28,1621004780
629,14079,"Sanders, Miles",PHI,RB,11669,03,02,26,1621105548
630,14080,"Singletary, Devin",BUF,RB,13957,10,09,117,1617623810
631,14080,"Singletary, Devin",BUF,RB,32210,10,07,115,1618969734
632,14080,"Singletary, Devin",BUF,RB,51539,10,11,119,1621007341
633,14080,"Singletary, Devin",BUF,RB,11669,10,05,113,1621534660
634,14081,"Gaskin, Myles",MIA,RB,13957,05,10,58,1617473131
635,14081,"Gaskin, Myles",MIA,RB,32210,07,06,78,1618968165
636,14081,"Gaskin, Myles",MIA,RB,51539,05,06,54,1621005310
637,14081,"Gaskin, Myles",MIA,RB,11669,03,10,34,1621107437
638,14085,"Pollard, Tony",DAL,RB,13957,09,03,99,1617623414
639,14085,"Pollard, Tony",DAL,RB,32210,09,09,105,1618969437
640,14085,"Pollard, Tony",DAL,RB,51539,09,12,108,1621006346
641,14085,"Pollard, Tony",DAL,RB,11669,10,01,109,1621534586
642,14087,"Henderson, Darrell",LAR,RB,13957,12,10,142,1617679404
643,14087,"Henderson, Darrell",LAR,RB,32210,13,11,155,1619006617
644,14087,"Henderson, Darrell",LAR,RB,51539,14,06,162,1621013082
645,14087,"Henderson, Darrell",LAR,RB,11669,13,06,150,1621611121
646,14101,"Harry, N'Keal",NEP,WR,13957,16,02,182,1617680316
647,14101,"Harry, N'Keal",NEP,WR,32210,15,01,169,1619006892
648,14102,"Metcalf, DK",SEA,WR,13957,02,04,16,1617323607
649,14102,"Metcalf, DK",SEA,WR,32210,02,05,17,1618591392
650,14102,"Metcalf, DK",SEA,WR,51539,02,03,15,1621004554
651,14102,"Metcalf, DK",SEA,WR,11669,02,01,13,1621087780
652,14104,"Brown, A.J.",TEN,WR,13957,02,08,20,1617335237
653,14104,"Brown, A.J.",TEN,WR,32210,03,07,31,1618591679
654,14104,"Brown, A.J.",TEN,WR,51539,03,07,31,1621004839
655,14104,"Brown, A.J.",TEN,WR,11669,02,07,19,1621089162
656,14105,"Brown, Marquise",BAL,WR,13957,09,02,98,1617623396
657,14105,"Brown, Marquise",BAL,WR,32210,09,10,106,1618969459
658,14105,"Brown, Marquise",BAL,WR,51539,09,11,107,1621006326
659,14105,"Brown, Marquise",BAL,WR,11669,09,03,99,1621530313
660,14109,"McLaurin, Terry",WAS,WR,13957,04,10,46,1617463993
661,14109,"McLaurin, Terry",WAS,WR,32210,04,09,45,1618592358
662,14109,"McLaurin, Terry",WAS,WR,51539,04,11,47,1621005181
663,14109,"McLaurin, Terry",WAS,WR,11669,04,03,39,1621524538
664,14112,"Campbell, Parris",IND,WR,13957,16,08,188,1617709196
665,14112,"Campbell, Parris",IND,WR,32210,15,04,172,1619006943
666,14112,"Campbell, Parris",IND,WR,51539,19,12,228,1621026378
667,14112,"Campbell, Parris",IND,WR,11669,15,12,180,1621637271
668,14113,"Hardman, Mecole",KCC,WR,13957,10,05,113,1617623692
669,14113,"Hardman, Mecole",KCC,WR,32210,10,10,118,1618969786
670,14113,"Hardman, Mecole",KCC,WR,51539,11,05,125,1621007710
671,14113,"Hardman, Mecole",KCC,WR,11669,13,07,151,1621611146
672,14122,"Slayton, Darius",NYG,WR,13957,09,07,103,1617623490
673,14122,"Slayton, Darius",NYG,WR,32210,13,06,150,1619006493
674,14122,"Slayton, Darius",NYG,WR,51539,14,04,160,1621013039
675,14122,"Slayton, Darius",NYG,WR,11669,13,04,148,1621539885
676,14126,"Williams, Preston",MIA,WR,13957,18,06,210,1617749112
677,14126,"Williams, Preston",MIA,WR,32210,20,07,235,1619008117
678,14136,"Samuel, Deebo",SFO,WR,13957,07,09,81,1617548835
679,14136,"Samuel, Deebo",SFO,WR,32210,07,12,84,1618968517
680,14136,"Samuel, Deebo",SFO,WR,51539,09,03,99,1621006063
681,14136,"Samuel, Deebo",SFO,WR,11669,08,06,90,1621530162
682,14137,"Fant, Noah",DEN,TE,13957,11,04,124,1617623955
683,14137,"Fant, Noah",DEN,TE,32210,09,07,103,1618969400
684,14137,"Fant, Noah",DEN,TE,51539,09,01,97,1621006028
685,14137,"Fant, Noah",DEN,TE,11669,08,08,92,1621530193
686,14138,"Hockenson, T.J.",DET,TE,13957,07,05,77,1617548772
687,14138,"Hockenson, T.J.",DET,TE,32210,07,08,80,1618968209
688,14138,"Hockenson, T.J.",DET,TE,51539,06,06,66,1621005496
689,14138,"Hockenson, T.J.",DET,TE,11669,06,01,61,1621525579
690,14141,"Smith Jr., Irv",MIN,TE,13957,14,11,167,1617680027
691,14141,"Smith Jr., Irv",MIN,TE,32210,10,12,120,1618969889
692,14141,"Smith Jr., Irv",MIN,TE,51539,09,08,104,1621006240
693,14141,"Smith Jr., Irv",MIN,TE,11669,10,07,115,1621534696
694,14143,"Knox, Dawson",BUF,TE,13957,18,09,213,1617754196
695,14143,"Knox, Dawson",BUF,TE,51539,20,08,236,1621026872
696,14208,"Johnson, Diontae",PIT,WR,13957,07,01,73,1617548695
697,14208,"Johnson, Diontae",PIT,WR,32210,07,09,81,1618968228
698,14208,"Johnson, Diontae",PIT,WR,51539,07,02,74,1621005611
699,14208,"Johnson, Diontae",PIT,WR,11669,05,07,55,1621525362
700,14223,"Mattison, Alexander",MIN,RB,13957,11,02,122,1617623923
701,14223,"Mattison, Alexander",MIN,RB,32210,11,01,121,1618969910
702,14223,"Mattison, Alexander",MIN,RB,51539,06,11,71,1621005561
703,14223,"Mattison, Alexander",MIN,RB,11669,13,02,146,1621539851
704,14777,"Burrow, Joe",CIN,QB,13957,11,05,125,1617623973
705,14777,"Burrow, Joe",CIN,QB,32210,09,06,102,1618969382
706,14777,"Burrow, Joe",CIN,QB,51539,08,02,86,1621005836
707,14777,"Burrow, Joe",CIN,QB,11669,07,03,75,1621525801
708,14778,"Tagovailoa, Tua",MIA,QB,13957,11,10,130,1617624060
709,14778,"Tagovailoa, Tua",MIA,QB,32210,13,04,148,1619006463
710,14778,"Tagovailoa, Tua",MIA,QB,51539,13,02,146,1621008264
711,14778,"Tagovailoa, Tua",MIA,QB,11669,12,12,144,1621539789
712,14779,"Herbert, Justin",LAC,QB,13957,06,12,72,1617548677
713,14779,"Herbert, Justin",LAC,QB,32210,07,10,82,1618968241
714,14779,"Herbert, Justin",LAC,QB,51539,06,08,68,1621005519
715,14779,"Herbert, Justin",LAC,QB,11669,05,10,58,1621525410
716,14783,"Hurts, Jalen",PHI,QB,13957,11,11,131,1617624090
717,14783,"Hurts, Jalen",PHI,QB,32210,09,08,104,1618969421
718,14783,"Hurts, Jalen",PHI,QB,51539,09,02,98,1621006040
719,14783,"Hurts, Jalen",PHI,QB,11669,09,05,101,1621534120
720,14797,"Swift, D'Andre",DET,RB,13957,02,10,22,1617365156
721,14797,"Swift, D'Andre",DET,RB,32210,03,02,26,1618591594
722,14797,"Swift, D'Andre",DET,RB,51539,02,08,20,1621004629
723,14797,"Swift, D'Andre",DET,RB,11669,02,12,24,1621105499
724,14798,"Moss, Zack",BUF,RB,13957,11,12,132,1617624100
725,14798,"Moss, Zack",BUF,RB,32210,10,03,111,1618969555
726,14798,"Moss, Zack",BUF,RB,51539,10,03,111,1621006430
727,14798,"Moss, Zack",BUF,RB,11669,08,10,94,1621530230
728,14799,"Akers, Cam",LAR,RB,13957,02,12,24,1617378080
729,14799,"Akers, Cam",LAR,RB,32210,02,11,23,1618591525
730,14799,"Akers, Cam",LAR,RB,51539,02,04,16,1621004574
731,14799,"Akers, Cam",LAR,RB,11669,02,09,21,1621090488
732,14800,"Dobbins, J.K.",BAL,RB,13957,02,11,23,1617377951
733,14800,"Dobbins, J.K.",BAL,RB,32210,02,10,22,1618591503
734,14800,"Dobbins, J.K.",BAL,RB,51539,02,09,21,1621004654
735,14800,"Dobbins, J.K.",BAL,RB,11669,02,11,23,1621105462
736,14802,"Taylor, Jonathan",IND,RB,13957,01,08,8,1617303680
737,14802,"Taylor, Jonathan",IND,RB,32210,01,08,8,1618591241
738,14802,"Taylor, Jonathan",IND,RB,51539,01,07,7,1621004429
739,14802,"Taylor, Jonathan",IND,RB,11669,01,06,6,1621087648
740,14803,"Edwards-Helaire, Clyde",KCC,RB,13957,03,02,26,1617378151
741,14803,"Edwards-Helaire, Clyde",KCC,RB,32210,03,03,27,1618591613
742,14803,"Edwards-Helaire, Clyde",KCC,RB,51539,03,01,25,1621004725
743,14803,"Edwards-Helaire, Clyde",KCC,RB,11669,03,01,25,1621105510
744,14804,"McFarland, Anthony",PIT,RB,13957,12,04,136,1617624180
745,14804,"McFarland, Anthony",PIT,RB,32210,13,10,154,1619006603
746,14805,"Dillon, AJ",GBP,RB,13957,09,12,108,1617623601
747,14805,"Dillon, AJ",GBP,RB,32210,10,04,112,1618969574
748,14805,"Dillon, AJ",GBP,RB,51539,10,01,109,1621006375
749,14805,"Dillon, AJ",GBP,RB,11669,09,11,107,1621534541
750,14808,"Evans, Darrynton",TEN,RB,13957,18,02,206,1617749040
751,14808,"Evans, Darrynton",TEN,RB,32210,17,11,203,1619007555
752,14810,"Vaughn, Ke'Shawn",TBB,RB,13957,14,09,165,1617679986
753,14810,"Vaughn, Ke'Shawn",TBB,RB,32210,15,05,173,1619006987
754,14810,"Vaughn, Ke'Shawn",TBB,RB,51539,17,11,203,1621014962
755,14811,"Ahmed, Salvon",MIA,RB,11669,14,01,157,1621612875
756,14813,"Robinson, James",JAC,RB,13957,02,02,14,1617308019
757,14813,"Robinson, James",JAC,RB,32210,02,12,24,1618591540
758,14813,"Robinson, James",JAC,RB,51539,04,02,38,1621004997
759,14813,"Robinson, James",JAC,RB,11669,06,03,63,1621525627
760,14832,"Lamb, CeeDee",DAL,WR,13957,05,08,56,1617471978
761,14832,"Lamb, CeeDee",DAL,WR,32210,05,04,52,1618601069
762,14832,"Lamb, CeeDee",DAL,WR,51539,05,02,50,1621005235
763,14832,"Lamb, CeeDee",DAL,WR,11669,03,12,36,1621107466
764,14833,"Jeudy, Jerry",DEN,WR,13957,08,10,94,1617623307
765,14833,"Jeudy, Jerry",DEN,WR,32210,08,01,85,1618968576
766,14833,"Jeudy, Jerry",DEN,WR,51539,08,01,85,1621005816
767,14833,"Jeudy, Jerry",DEN,WR,11669,08,04,88,1621530121
768,14834,"Ruggs, Henry",LVR,WR,13957,10,06,114,1617623716
769,14834,"Ruggs, Henry",LVR,WR,32210,06,08,68,1618967966
770,14834,"Ruggs, Henry",LVR,WR,51539,17,10,202,1621014944
771,14834,"Ruggs, Henry",LVR,WR,11669,13,12,156,1621612860
772,14835,"Higgins, Tee",CIN,WR,13957,07,04,76,1617548751
773,14835,"Higgins, Tee",CIN,WR,32210,06,09,69,1618967989
774,14835,"Higgins, Tee",CIN,WR,51539,07,09,81,1621005756
775,14835,"Higgins, Tee",CIN,WR,11669,07,04,76,1621525827
776,14836,"Jefferson, Justin",MIN,WR,13957,03,01,25,1617378109
777,14836,"Jefferson, Justin",MIN,WR,32210,03,08,32,1618591702
778,14836,"Jefferson, Justin",MIN,WR,51539,03,12,36,1621004925
779,14836,"Jefferson, Justin",MIN,WR,11669,03,06,30,1621105818
780,14838,"Shenault, Laviska",JAC,WR,13957,10,04,112,1617623674
781,14838,"Shenault, Laviska",JAC,WR,32210,10,06,114,1618969719
782,14838,"Shenault, Laviska",JAC,WR,51539,07,10,82,1621005770
783,14838,"Shenault, Laviska",JAC,WR,11669,08,12,96,1621530257
784,14839,"Reagor, Jalen",PHI,WR,13957,13,05,149,1617679702
785,14839,"Reagor, Jalen",PHI,WR,32210,14,01,157,1619006666
786,14839,"Reagor, Jalen",PHI,WR,51539,16,01,181,1621013577
787,14839,"Reagor, Jalen",PHI,WR,11669,11,01,121,1621535083
788,14840,"Aiyuk, Brandon",SFO,WR,13957,05,12,60,1617478796
789,14840,"Aiyuk, Brandon",SFO,WR,32210,07,01,73,1618968072
790,14840,"Aiyuk, Brandon",SFO,WR,51539,05,09,57,1621005363
791,14840,"Aiyuk, Brandon",SFO,WR,11669,05,04,52,1621525219
792,14841,"Claypool, Chase",PIT,WR,13957,08,01,85,1617548921
793,14841,"Claypool, Chase",PIT,WR,32210,07,11,83,1618968503
794,14841,"Claypool, Chase",PIT,WR,51539,07,11,83,1621005789
795,14841,"Claypool, Chase",PIT,WR,11669,07,07,79,1621525918
796,14842,"Pittman, Michael",IND,WR,13957,09,05,101,1617623455
797,14842,"Pittman, Michael",IND,WR,32210,10,11,119,1618969811
798,14842,"Pittman, Michael",IND,WR,51539,10,09,117,1621007294
799,14842,"Pittman, Michael",IND,WR,11669,09,01,97,1621530287
800,14843,"Bowden, Lynn",MIA,WR,13957,16,11,191,1617709266
801,14843,"Bowden, Lynn",MIA,WR,32210,16,10,190,1619007322
802,14844,"Edwards, Bryan",LVR,WR,13957,20,08,236,1617851090
803,14844,"Edwards, Bryan",LVR,WR,51539,18,12,216,1621026127
804,14845,"Davis, Gabriel",BUF,WR,13957,18,12,216,1617754244
805,14845,"Davis, Gabriel",BUF,WR,51539,20,06,234,1621026813
806,14846,"Mims, Denzel",NYJ,WR,13957,14,05,161,1617679921
807,14846,"Mims, Denzel",NYJ,WR,32210,15,07,175,1619007043
808,14846,"Mims, Denzel",NYJ,WR,51539,20,11,239,1621026961
809,14846,"Mims, Denzel",NYJ,WR,11669,15,04,172,1621637053
810,14852,"Gibson, Antonio",WAS,RB,13957,03,05,29,1617387840
811,14852,"Gibson, Antonio",WAS,RB,32210,03,01,25,1618591562
812,14852,"Gibson, Antonio",WAS,RB,51539,02,11,23,1621004702
813,14852,"Gibson, Antonio",WAS,RB,11669,02,06,18,1621088231
814,14867,"Kmet, Cole",CHI,TE,13957,16,05,185,1617680390
815,14867,"Kmet, Cole",CHI,TE,32210,16,04,184,1619007199
816,14867,"Kmet, Cole",CHI,TE,51539,14,10,166,1621013150
817,14867,"Kmet, Cole",CHI,TE,11669,16,07,187,1621637956
818,14870,"Trautman, Adam",NOS,TE,13957,18,10,214,1617754212
819,14870,"Trautman, Adam",NOS,TE,32210,19,03,219,1619007836
820,14870,"Trautman, Adam",NOS,TE,11669,12,05,137,1621536501
821,14974,"Mooney, Darnell",CHI,WR,13957,15,02,170,1617680108
822,14974,"Mooney, Darnell",CHI,WR,32210,09,03,99,1618969333
823,14974,"Mooney, Darnell",CHI,WR,51539,13,04,148,1621008359
824,14974,"Mooney, Darnell",CHI,WR,11669,12,08,140,1621536569
825,15237,"Lawrence, Trevor",JAC,QB,13957,07,10,82,1617548864
826,15237,"Lawrence, Trevor",JAC,QB,32210,08,12,96,1618969281
827,15237,"Lawrence, Trevor",JAC,QB,51539,08,04,88,1621005863
828,15237,"Lawrence, Trevor",JAC,QB,11669,11,12,132,1621536105
829,15238,"Fields, Justin",CHI,QB,13957,14,06,162,1617679940
830,15238,"Fields, Justin",CHI,QB,32210,09,05,101,1618969369
831,15238,"Fields, Justin",CHI,QB,51539,10,06,114,1621006500
832,15238,"Fields, Justin",CHI,QB,11669,12,04,136,1621536423
833,15239,"Wilson, Zach",NYJ,QB,13957,15,11,179,1617680267
834,15239,"Wilson, Zach",NYJ,QB,32210,15,12,180,1619007125
835,15239,"Wilson, Zach",NYJ,QB,51539,13,05,149,1621008376
836,15239,"Wilson, Zach",NYJ,QB,11669,15,02,170,1621637011
837,15240,"Lance, Trey",SFO,QB,13957,17,02,194,1617709354
838,15240,"Lance, Trey",SFO,QB,32210,17,01,193,1619007383
839,15240,"Lance, Trey",SFO,QB,51539,10,08,116,1621007275
840,15240,"Lance, Trey",SFO,QB,11669,14,10,166,1621635002
841,15241,"Jones, Mac",NEP,QB,13957,17,04,196,1617725707
842,15241,"Jones, Mac",NEP,QB,32210,14,07,163,1619006783
843,15241,"Jones, Mac",NEP,QB,51539,18,05,209,1621016345
844,15253,"Etienne, Travis",JAC,RB,13957,03,08,32,1617389228
845,15253,"Etienne, Travis",JAC,RB,32210,04,03,39,1618591891
846,15253,"Etienne, Travis",JAC,RB,51539,03,11,35,1621004900
847,15253,"Etienne, Travis",JAC,RB,11669,04,01,37,1621107478
848,15254,"Harris, Najee",PIT,RB,13957,03,10,34,1617403843
849,15254,"Harris, Najee",PIT,RB,32210,03,09,33,1618591750
850,15254,"Harris, Najee",PIT,RB,51539,03,05,29,1621004806
851,15254,"Harris, Najee",PIT,RB,11669,03,09,33,1621107418
852,15255,"Gainwell, Kenneth",PHI,RB,13957,10,03,111,1617623651
853,15255,"Gainwell, Kenneth",PHI,RB,32210,12,01,133,1618970269
854,15255,"Gainwell, Kenneth",PHI,RB,51539,12,02,134,1621007899
855,15255,"Gainwell, Kenneth",PHI,RB,11669,11,03,123,1621535112
856,15256,"Williams, Javonte",DEN,RB,13957,05,05,53,1617466331
857,15256,"Williams, Javonte",DEN,RB,32210,07,04,76,1618968135
858,15256,"Williams, Javonte",DEN,RB,51539,07,12,84,1621005803
859,15256,"Williams, Javonte",DEN,RB,11669,07,05,77,1621525868
860,15257,"Sermon, Trey",SFO,RB,13957,11,08,128,1617624028
861,15257,"Sermon, Trey",SFO,RB,32210,12,09,141,1618970630
862,15257,"Sermon, Trey",SFO,RB,51539,08,10,94,1621005968
863,15257,"Sermon, Trey",SFO,RB,11669,07,11,83,1621530032
864,15258,"Carter, Michael",NYJ,RB,13957,18,08,212,1617754178
865,15258,"Carter, Michael",NYJ,RB,32210,14,03,159,1619006707
866,15258,"Carter, Michael",NYJ,RB,51539,09,04,100,1621006087
867,15258,"Carter, Michael",NYJ,RB,11669,07,12,84,1621530049
868,15259,"Stevenson, Rhamondre",NEP,RB,51539,16,11,191,1621014175
869,15261,"Hubbard, Chuba",CAR,RB,13957,12,08,140,1617679353
870,15261,"Hubbard, Chuba",CAR,RB,32210,18,04,208,1619007644
871,15261,"Hubbard, Chuba",CAR,RB,51539,12,08,140,1621008022
872,15261,"Hubbard, Chuba",CAR,RB,11669,16,01,181,1621637763
873,15268,"Hawkins, Javian",ATL,RB,51539,18,03,207,1621016314
874,15281,"Chase, Ja'Marr",CIN,WR,13957,04,02,38,1617407946
875,15281,"Chase, Ja'Marr",CIN,WR,32210,05,12,60,1618602183
876,15281,"Chase, Ja'Marr",CIN,WR,51539,04,03,39,1621005011
877,15281,"Chase, Ja'Marr",CIN,WR,11669,07,08,80,1621525948
878,15282,"Smith, DeVonta",PHI,WR,13957,08,04,88,1617548971
879,15282,"Smith, DeVonta",PHI,WR,32210,06,10,70,1618968018
880,15282,"Smith, DeVonta",PHI,WR,51539,07,05,77,1621005656
881,15282,"Smith, DeVonta",PHI,WR,11669,08,02,86,1621530090
882,15283,"Moore, Rondale",ARI,WR,13957,19,01,217,1617754267
883,15283,"Moore, Rondale",ARI,WR,32210,16,05,185,1619007228
884,15283,"Moore, Rondale",ARI,WR,51539,15,03,171,1621013268
885,15283,"Moore, Rondale",ARI,WR,11669,13,03,147,1621539870
886,15284,"Waddle, Jaylen",MIA,WR,13957,09,10,106,1617623561
887,15284,"Waddle, Jaylen",MIA,WR,32210,08,04,88,1618968755
888,15284,"Waddle, Jaylen",MIA,WR,51539,07,01,73,1621005597
889,15284,"Waddle, Jaylen",MIA,WR,11669,09,02,98,1621530301
890,15287,"St. Brown, Amon-Ra",DET,WR,51539,15,01,169,1621013233
891,15288,"Moore, Elijah",NYJ,WR,51539,13,07,151,1621008424
892,15289,"Toney, Kadarius",NYG,WR,13957,14,04,160,1617679903
893,15289,"Toney, Kadarius",NYG,WR,11669,14,05,161,1621634432
894,15293,"Bateman, Rashod",BAL,WR,13957,13,10,154,1617679795
895,15293,"Bateman, Rashod",BAL,WR,32210,08,07,91,1618968925
896,15293,"Bateman, Rashod",BAL,WR,51539,11,02,122,1621007401
897,15293,"Bateman, Rashod",BAL,WR,11669,09,09,105,1621534515
898,15301,"Atwell, Tutu",LAR,WR,51539,18,02,206,1621016183
899,15302,"Eskridge, D'Wayne",SEA,WR,51539,15,09,177,1621013402
900,15308,"Marshall, Terrace",CAR,WR,13957,20,04,232,1617795905
901,15308,"Marshall, Terrace",CAR,WR,32210,18,01,205,1619007592
902,15308,"Marshall, Terrace",CAR,WR,51539,13,11,155,1621012759
903,15329,"Pitts, Kyle",ATL,TE,13957,06,02,62,1617481298
904,15329,"Pitts, Kyle",ATL,TE,32210,08,03,87,1618968720
905,15329,"Pitts, Kyle",ATL,TE,51539,06,04,64,1621005462
906,15329,"Pitts, Kyle",ATL,TE,11669,07,10,82,1621530016
907,15330,"Jordan, Brevin",HOU,TE,51539,14,08,164,1621013112
908,15331,"Freiermuth, Pat",PIT,TE,51539,20,04,232,1621026774
